SET IDENTITY_INSERT [dbo].[Category] ON
INSERT INTO [dbo].[Category] ([Id], [Name], [Description], [CreatedBy], [LastUpdated], [IsActive]) VALUES (1, N'Administration', NULL, N'System', N'2016-12-30', 1)
INSERT INTO [dbo].[Category] ([Id], [Name], [Description], [CreatedBy], [LastUpdated], [IsActive]) VALUES (2, N'Audit Needs', NULL, N'System', N'2016-12-30', 1)
INSERT INTO [dbo].[Category] ([Id], [Name], [Description], [CreatedBy], [LastUpdated], [IsActive]) VALUES (3, N'Auto Features', NULL, N'System', N'2016-12-30', 1)
INSERT INTO [dbo].[Category] ([Id], [Name], [Description], [CreatedBy], [LastUpdated], [IsActive]) VALUES (4, N'Communication', NULL, N'System', N'2016-12-30', 1)
INSERT INTO [dbo].[Category] ([Id], [Name], [Description], [CreatedBy], [LastUpdated], [IsActive]) VALUES (5, N'Defined Benefit', NULL, N'System', N'2016-12-30', 1)
INSERT INTO [dbo].[Category] ([Id], [Name], [Description], [CreatedBy], [LastUpdated], [IsActive]) VALUES (6, N'ERISA Compliance & Consulting', NULL, N'System', N'2016-12-30', 1)
INSERT INTO [dbo].[Category] ([Id], [Name], [Description], [CreatedBy], [LastUpdated], [IsActive]) VALUES (7, N'Forms', NULL, N'System', N'2016-12-30', 1)
INSERT INTO [dbo].[Category] ([Id], [Name], [Description], [CreatedBy], [LastUpdated], [IsActive]) VALUES (8, N'Investments', NULL, N'System', N'2016-12-30', 1)
INSERT INTO [dbo].[Category] ([Id], [Name], [Description], [CreatedBy], [LastUpdated], [IsActive]) VALUES (9, N'Loans', NULL, N'System', N'2106-12-30', 1)
INSERT INTO [dbo].[Category] ([Id], [Name], [Description], [CreatedBy], [LastUpdated], [IsActive]) VALUES (10, N'Plan Documents', NULL, N'System', N'2016-12-30', 1)
INSERT INTO [dbo].[Category] ([Id], [Name], [Description], [CreatedBy], [LastUpdated], [IsActive]) VALUES (11, N'Test', NULL, N'System', N'2016-12-30', 1)
SET IDENTITY_INSERT [dbo].[Category] OFF

SET IDENTITY_INSERT [dbo].[SubCategory] ON
INSERT INTO [dbo].[SubCategory] ([Id], [Name], [Description], [CategoryId], [CreatedBy], [LastUpdated], [IsActive]) VALUES (1, N'402(g)', NULL, 1, N'System', N'2016-12-30', 1)
INSERT INTO [dbo].[SubCategory] ([Id], [Name], [Description], [CategoryId], [CreatedBy], [LastUpdated], [IsActive]) VALUES (2, N'Address', NULL, 1, N'System', N'2016-12-30', 1)
INSERT INTO [dbo].[SubCategory] ([Id], [Name], [Description], [CategoryId], [CreatedBy], [LastUpdated], [IsActive]) VALUES (3, N'Balances', NULL, 1, N'System', N'2016-12-30', 1)
INSERT INTO [dbo].[SubCategory] ([Id], [Name], [Description], [CategoryId], [CreatedBy], [LastUpdated], [IsActive]) VALUES (4, N'Beneficiary', NULL, 1, N'System', N'2016-12-30', 1)
INSERT INTO [dbo].[SubCategory] ([Id], [Name], [Description], [CategoryId], [CreatedBy], [LastUpdated], [IsActive]) VALUES (5, N'Census', NULL, 1, N'System', N'2016-12-30', 1)
INSERT INTO [dbo].[SubCategory] ([Id], [Name], [Description], [CategoryId], [CreatedBy], [LastUpdated], [IsActive]) VALUES (6, N'Contribution', NULL, 1, N'System', N'2016-12-30', 1)
INSERT INTO [dbo].[SubCategory] ([Id], [Name], [Description], [CategoryId], [CreatedBy], [LastUpdated], [IsActive]) VALUES (7, N'Distributions', NULL, 1, N'System', N'2016-12-30', 1)
INSERT INTO [dbo].[SubCategory] ([Id], [Name], [Description], [CategoryId], [CreatedBy], [LastUpdated], [IsActive]) VALUES (8, N'Eligible', NULL, 1, N'System', N'2016-12-30', 1)
INSERT INTO [dbo].[SubCategory] ([Id], [Name], [Description], [CategoryId], [CreatedBy], [LastUpdated], [IsActive]) VALUES (9, N'Enrollment', NULL, 1, N'System', N'2016-12-30', 1)
INSERT INTO [dbo].[SubCategory] ([Id], [Name], [Description], [CategoryId], [CreatedBy], [LastUpdated], [IsActive]) VALUES (10, N'Fee', NULL, 1, N'System', N'2016-12-30', 1)
INSERT INTO [dbo].[SubCategory] ([Id], [Name], [Description], [CategoryId], [CreatedBy], [LastUpdated], [IsActive]) VALUES (11, N'Forfeitures', NULL, 1, N'System', N'2016-12-30', 1)
INSERT INTO [dbo].[SubCategory] ([Id], [Name], [Description], [CategoryId], [CreatedBy], [LastUpdated], [IsActive]) VALUES (12, N'In Service Distributions', NULL, 1, N'System', N'2016-12-30', 1)
INSERT INTO [dbo].[SubCategory] ([Id], [Name], [Description], [CategoryId], [CreatedBy], [LastUpdated], [IsActive]) VALUES (13, N'Investment Elections', NULL, 1, N'System', N'2016-12-30', 1)
INSERT INTO [dbo].[SubCategory] ([Id], [Name], [Description], [CategoryId], [CreatedBy], [LastUpdated], [IsActive]) VALUES (14, N'Invoices', NULL, 1, N'System', N'2016-12-30', 1)
INSERT INTO [dbo].[SubCategory] ([Id], [Name], [Description], [CategoryId], [CreatedBy], [LastUpdated], [IsActive]) VALUES (15, N'New Hire', NULL, 1, N'System', N'2016-12-30', 1)
INSERT INTO [dbo].[SubCategory] ([Id], [Name], [Description], [CategoryId], [CreatedBy], [LastUpdated], [IsActive]) VALUES (16, N'Participant Data', NULL, 1, N'System', N'2016-12-30', 1)
INSERT INTO [dbo].[SubCategory] ([Id], [Name], [Description], [CategoryId], [CreatedBy], [LastUpdated], [IsActive]) VALUES (17, N'Participation', NULL, 1, N'System', N'2016-12-30', 1)
INSERT INTO [dbo].[SubCategory] ([Id], [Name], [Description], [CategoryId], [CreatedBy], [LastUpdated], [IsActive]) VALUES (18, N'Payroll File', NULL, 1, N'System', N'2016-12-30', 1)
INSERT INTO [dbo].[SubCategory] ([Id], [Name], [Description], [CategoryId], [CreatedBy], [LastUpdated], [IsActive]) VALUES (19, N'QDRO', NULL, 1, N'System', N'2016-12-30', 1)
INSERT INTO [dbo].[SubCategory] ([Id], [Name], [Description], [CategoryId], [CreatedBy], [LastUpdated], [IsActive]) VALUES (20, N'Quarterly Statement', NULL, 1, N'System', N'2016-12-30', 1)
INSERT INTO [dbo].[SubCategory] ([Id], [Name], [Description], [CategoryId], [CreatedBy], [LastUpdated], [IsActive]) VALUES (21, N'Rate Changes', NULL, 1, N'System', N'2016-12-30', 1)
INSERT INTO [dbo].[SubCategory] ([Id], [Name], [Description], [CategoryId], [CreatedBy], [LastUpdated], [IsActive]) VALUES (22, N'Rehire', NULL, 1, N'System', N'2016-12-30', 1)
INSERT INTO [dbo].[SubCategory] ([Id], [Name], [Description], [CategoryId], [CreatedBy], [LastUpdated], [IsActive]) VALUES (23, N'Section 16b', NULL, 1, N'System', N'2016-12-30', 1)
INSERT INTO [dbo].[SubCategory] ([Id], [Name], [Description], [CategoryId], [CreatedBy], [LastUpdated], [IsActive]) VALUES (24, N'Termination', NULL, 1, N'System', N'2016-12-30', 1)
INSERT INTO [dbo].[SubCategory] ([Id], [Name], [Description], [CategoryId], [CreatedBy], [LastUpdated], [IsActive]) VALUES (25, N'Transactions', NULL, 1, N'System', N'2016-12-30', 1)
INSERT INTO [dbo].[SubCategory] ([Id], [Name], [Description], [CategoryId], [CreatedBy], [LastUpdated], [IsActive]) VALUES (26, N'Transfers', NULL, 1, N'System', N'2016-12-30', 1)
INSERT INTO [dbo].[SubCategory] ([Id], [Name], [Description], [CategoryId], [CreatedBy], [LastUpdated], [IsActive]) VALUES (27, N'Trust Report', NULL, 1, N'System', N'2016-12-30', 1)
INSERT INTO [dbo].[SubCategory] ([Id], [Name], [Description], [CategoryId], [CreatedBy], [LastUpdated], [IsActive]) VALUES (28, N'Vesting', NULL, 1, N'System', N'2016-12-30', 1)
INSERT INTO [dbo].[SubCategory] ([Id], [Name], [Description], [CategoryId], [CreatedBy], [LastUpdated], [IsActive]) VALUES (29, N'Wire', NULL, 1, N'System', N'2016-12-30', 1)
INSERT INTO [dbo].[SubCategory] ([Id], [Name], [Description], [CategoryId], [CreatedBy], [LastUpdated], [IsActive]) VALUES (30, N'Audit Requests', NULL, 2, N'System', N'2016-12-30', 1)
INSERT INTO [dbo].[SubCategory] ([Id], [Name], [Description], [CategoryId], [CreatedBy], [LastUpdated], [IsActive]) VALUES (31, N'Auto Savings Increase', NULL, 3, N'System', N'2016-12-30', 1)
INSERT INTO [dbo].[SubCategory] ([Id], [Name], [Description], [CategoryId], [CreatedBy], [LastUpdated], [IsActive]) VALUES (32, N'Notices', NULL, 3, N'System', N'2016-12-30', 1)
INSERT INTO [dbo].[SubCategory] ([Id], [Name], [Description], [CategoryId], [CreatedBy], [LastUpdated], [IsActive]) VALUES (33, N'QDIA/DIEBA', NULL, 3, N'System', N'2016-12-30', 1)
INSERT INTO [dbo].[SubCategory] ([Id], [Name], [Description], [CategoryId], [CreatedBy], [LastUpdated], [IsActive]) VALUES (34, N'Opt Out’s', NULL, 3, N'System', N'2016-12-30', 1)
INSERT INTO [dbo].[SubCategory] ([Id], [Name], [Description], [CategoryId], [CreatedBy], [LastUpdated], [IsActive]) VALUES (35, N'Content', NULL, 4, N'System', N'2016-12-30', 1)
INSERT INTO [dbo].[SubCategory] ([Id], [Name], [Description], [CategoryId], [CreatedBy], [LastUpdated], [IsActive]) VALUES (36, N'Recipient List', NULL, 4, N'System', N'2016-12-30', 1)
INSERT INTO [dbo].[SubCategory] ([Id], [Name], [Description], [CategoryId], [CreatedBy], [LastUpdated], [IsActive]) VALUES (37, N'Calculations', NULL, 6, N'System', N'2016-12-30', 1)
INSERT INTO [dbo].[SubCategory] ([Id], [Name], [Description], [CategoryId], [CreatedBy], [LastUpdated], [IsActive]) VALUES (38, N'Cash Balance', NULL, 6, N'System', N'2016-12-30', 1)
INSERT INTO [dbo].[SubCategory] ([Id], [Name], [Description], [CategoryId], [CreatedBy], [LastUpdated], [IsActive]) VALUES (39, N'ADP/ACP mid-year', NULL, 7, N'System', N'2016-12-30', 1)
INSERT INTO [dbo].[SubCategory] ([Id], [Name], [Description], [CategoryId], [CreatedBy], [LastUpdated], [IsActive]) VALUES (40, N'Benchmarking', NULL, 7, N'System', N'2016-12-30', 1)
INSERT INTO [dbo].[SubCategory] ([Id], [Name], [Description], [CategoryId], [CreatedBy], [LastUpdated], [IsActive]) VALUES (41, N'Compensation', NULL, 7, N'System', N'2016-12-30', 1)
INSERT INTO [dbo].[SubCategory] ([Id], [Name], [Description], [CategoryId], [CreatedBy], [LastUpdated], [IsActive]) VALUES (42, N'Corrective Distribution', NULL, 7, N'System', N'2016-12-30', 1)
INSERT INTO [dbo].[SubCategory] ([Id], [Name], [Description], [CategoryId], [CreatedBy], [LastUpdated], [IsActive]) VALUES (43, N'Coverage', NULL, 7, N'System', N'2016-12-30', 1)
INSERT INTO [dbo].[SubCategory] ([Id], [Name], [Description], [CategoryId], [CreatedBy], [LastUpdated], [IsActive]) VALUES (44, N'Excess Comp', NULL, 7, N'System', N'2016-12-30', 1)
INSERT INTO [dbo].[SubCategory] ([Id], [Name], [Description], [CategoryId], [CreatedBy], [LastUpdated], [IsActive]) VALUES (45, N'QNEC', NULL, 7, N'System', N'2016-12-30', 1)
INSERT INTO [dbo].[SubCategory] ([Id], [Name], [Description], [CategoryId], [CreatedBy], [LastUpdated], [IsActive]) VALUES (46, N'Questionnaire', NULL, 7, N'System', N'2016-12-30', 1)
INSERT INTO [dbo].[SubCategory] ([Id], [Name], [Description], [CategoryId], [CreatedBy], [LastUpdated], [IsActive]) VALUES (47, N'Refunds', NULL, 7, N'System', N'2016-12-30', 1)
INSERT INTO [dbo].[SubCategory] ([Id], [Name], [Description], [CategoryId], [CreatedBy], [LastUpdated], [IsActive]) VALUES (48, N'1099R', NULL, 8, N'System', N'2016-12-30', 1)
INSERT INTO [dbo].[SubCategory] ([Id], [Name], [Description], [CategoryId], [CreatedBy], [LastUpdated], [IsActive]) VALUES (49, N'Form 1042', NULL, 8, N'System', N'2016-12-30', 1)
INSERT INTO [dbo].[SubCategory] ([Id], [Name], [Description], [CategoryId], [CreatedBy], [LastUpdated], [IsActive]) VALUES (50, N'Form 990-T', NULL, 8, N'System', N'2016-12-30', 1)
INSERT INTO [dbo].[SubCategory] ([Id], [Name], [Description], [CategoryId], [CreatedBy], [LastUpdated], [IsActive]) VALUES (51, N'Power of Attorney', NULL, 8, N'System', N'2016-12-30', 1)
INSERT INTO [dbo].[SubCategory] ([Id], [Name], [Description], [CategoryId], [CreatedBy], [LastUpdated], [IsActive]) VALUES (52, N'Sample/Copy', NULL, 8, N'System', N'2016-12-30', 1)
INSERT INTO [dbo].[SubCategory] ([Id], [Name], [Description], [CategoryId], [CreatedBy], [LastUpdated], [IsActive]) VALUES (53, N'Advice/Managed Accounts', NULL, 9, N'System', N'2016-12-30', 1)
INSERT INTO [dbo].[SubCategory] ([Id], [Name], [Description], [CategoryId], [CreatedBy], [LastUpdated], [IsActive]) VALUES (54, N'Asset Allocation', NULL, 9, N'System', N'2016-12-30', 1)
INSERT INTO [dbo].[SubCategory] ([Id], [Name], [Description], [CategoryId], [CreatedBy], [LastUpdated], [IsActive]) VALUES (55, N'Dividend', NULL, 9, N'System', N'2016-12-30', 1)
INSERT INTO [dbo].[SubCategory] ([Id], [Name], [Description], [CategoryId], [CreatedBy], [LastUpdated], [IsActive]) VALUES (56, N'Fund Change', NULL, 9, N'System', N'2016-12-30', 1)
INSERT INTO [dbo].[SubCategory] ([Id], [Name], [Description], [CategoryId], [CreatedBy], [LastUpdated], [IsActive]) VALUES (57, N'Insider Trading', NULL, 9, N'System', N'2016-12-30', 1)
INSERT INTO [dbo].[SubCategory] ([Id], [Name], [Description], [CategoryId], [CreatedBy], [LastUpdated], [IsActive]) VALUES (58, N'Investment Declarations', NULL, 9, N'System', N'2016-12-30', 1)
INSERT INTO [dbo].[SubCategory] ([Id], [Name], [Description], [CategoryId], [CreatedBy], [LastUpdated], [IsActive]) VALUES (59, N'Investment Policy', NULL, 9, N'System', N'2016-12-30', 1)
INSERT INTO [dbo].[SubCategory] ([Id], [Name], [Description], [CategoryId], [CreatedBy], [LastUpdated], [IsActive]) VALUES (60, N'PCRA/SDBA', NULL, 9, N'System', N'2016-12-30', 1)
INSERT INTO [dbo].[SubCategory] ([Id], [Name], [Description], [CategoryId], [CreatedBy], [LastUpdated], [IsActive]) VALUES (61, N'Rate of Return', NULL, 9, N'System', N'2016-12-30', 1)
INSERT INTO [dbo].[SubCategory] ([Id], [Name], [Description], [CategoryId], [CreatedBy], [LastUpdated], [IsActive]) VALUES (62, N'Employer/Individual Stock', NULL, 9, N'System', N'2016-12-30', 1)
INSERT INTO [dbo].[SubCategory] ([Id], [Name], [Description], [CategoryId], [CreatedBy], [LastUpdated], [IsActive]) VALUES (63, N'Trading Restrictions/Fees', NULL, 9, N'System', N'2016-12-30', 1)
INSERT INTO [dbo].[SubCategory] ([Id], [Name], [Description], [CategoryId], [CreatedBy], [LastUpdated], [IsActive]) VALUES (64, N'Amendments', NULL, 10, N'System', N'2016-12-30', 1)
INSERT INTO [dbo].[SubCategory] ([Id], [Name], [Description], [CategoryId], [CreatedBy], [LastUpdated], [IsActive]) VALUES (65, N'Plan Document', NULL, 10, N'System', N'2016-12-30', 1)
INSERT INTO [dbo].[SubCategory] ([Id], [Name], [Description], [CategoryId], [CreatedBy], [LastUpdated], [IsActive]) VALUES (66, N'Service Agreement', NULL, 10, N'System', N'2016-12-30', 1)
INSERT INTO [dbo].[SubCategory] ([Id], [Name], [Description], [CategoryId], [CreatedBy], [LastUpdated], [IsActive]) VALUES (67, N'Summary Plan Description', NULL, 10, N'System', N'2016-12-30', 1)
INSERT INTO [dbo].[SubCategory] ([Id], [Name], [Description], [CategoryId], [CreatedBy], [LastUpdated], [IsActive]) VALUES (68, N'Trust Agreement', NULL, 10, N'System', N'2016-12-30', 1)
INSERT INTO [dbo].[SubCategory] ([Id], [Name], [Description], [CategoryId], [CreatedBy], [LastUpdated], [IsActive]) VALUES (69, N'Test', NULL, 11, N'System', N'2016-12-30', 1)
SET IDENTITY_INSERT [dbo].[SubCategory] OFF

INSERT INTO [dbo].[AuditOperation] ([Id], [Name], [Description]) VALUES (1, N'Uploaded', NULL)

INSERT INTO [dbo].[FileExtension] ([Id], [Name], [Description]) VALUES (1, N'txt', NULL)
INSERT INTO [dbo].[FileExtension] ([Id], [Name], [Description]) VALUES (2, N'pdf', NULL)
INSERT INTO [dbo].[FileExtension] ([Id], [Name], [Description]) VALUES (3, N'xlsx', NULL)
INSERT INTO [dbo].[FileExtension] ([Id], [Name], [Description]) VALUES (4, N'xls', NULL)
INSERT INTO [dbo].[FileExtension] ([Id], [Name], [Description]) VALUES (5, N'docx', NULL)
INSERT INTO [dbo].[FileExtension] ([Id], [Name], [Description]) VALUES (6, N'doc', NULL)
INSERT INTO [dbo].[FileExtension] ([Id], [Name], [Description]) VALUES (7, N'csv', NULL)
INSERT INTO [dbo].[FileExtension] ([Id], [Name], [Description]) VALUES (8, N'ppt', NULL)
INSERT INTO [dbo].[FileExtension] ([Id], [Name], [Description]) VALUES (9, N'pptx', NULL)
INSERT INTO [dbo].[FileExtension] ([Id], [Name], [Description]) VALUES (10, N'rtf', NULL)
INSERT INTO [dbo].[FileExtension] ([Id], [Name], [Description]) VALUES (11, N'tif', NULL)
INSERT INTO [dbo].[FileExtension] ([Id], [Name], [Description]) VALUES (12, N'zip', NULL)
INSERT INTO [dbo].[FileExtension] ([Id], [Name], [Description]) VALUES (13, N'tiff', NULL)

INSERT INTO [dbo].[FileStatus] ([Id], [Status], [Description]) VALUES (1, N'Uploaded', NULL)

SET IDENTITY_INSERT [dbo].[Spos] ON
INSERT INTO [dbo].[Spos] ([Id], [SposId], [SposUrl]) VALUES (1, N'test1', N'http://test1')
INSERT INTO [dbo].[Spos] ([Id], [SposId], [SposUrl]) VALUES (2, N'test2', N'http://test2')
INSERT INTO [dbo].[Spos] ([Id], [SposId], [SposUrl]) VALUES (3, N'test3', N'http://test3')
SET IDENTITY_INSERT [dbo].[Spos] OFF


SET IDENTITY_INSERT [dbo].[FileMetadata] ON
INSERT INTO [dbo].[FileMetadata] ([Id], [PlanName], [CategoryId], [SubCategoryId], [DisplayName], [FileName], [FileExtensionId], [SposId], [IsActive], [StatusId], [StatusDate], [ExpirationDate], [AccessedOn], [CreatedOn], [FileSize]) VALUES (4, N'HUM', 11, 69, N'Test Document', N'FileTypeTest.doc', 1, 1, 1, 1, N'2017-01-06 20:25:10', N'2025-01-06 00:00:00', N'2017-01-06 20:25:10', N'2017-01-06 14:25:27', NULL)
INSERT INTO [dbo].[FileMetadata] ([Id], [PlanName], [CategoryId], [SubCategoryId], [DisplayName], [FileName], [FileExtensionId], [SposId], [IsActive], [StatusId], [StatusDate], [ExpirationDate], [AccessedOn], [CreatedOn], [FileSize]) VALUES (5, N'HUM', 10, 68, N'Test Prospectus Document', N'FileTypeTest.docx', 1, 1, 1, 1, N'2017-01-06 20:32:48', N'2018-01-06 00:00:00', N'2017-01-06 20:32:48', N'2017-01-06 14:33:15', NULL)
INSERT INTO [dbo].[FileMetadata] ([Id], [PlanName], [CategoryId], [SubCategoryId], [DisplayName], [FileName], [FileExtensionId], [SposId], [IsActive], [StatusId], [StatusDate], [ExpirationDate], [AccessedOn], [CreatedOn], [FileSize]) VALUES (6, N'HUM', 10, 68, N'Test Annual Spreadsheet', N'FileTypeTest.xls', 1, 1, 1, 1, N'2017-01-06 20:34:00', N'2019-01-06 00:00:00', N'2017-01-06 20:34:00', N'2017-01-06 14:34:25', NULL)
INSERT INTO [dbo].[FileMetadata] ([Id], [PlanName], [CategoryId], [SubCategoryId], [DisplayName], [FileName], [FileExtensionId], [SposId], [IsActive], [StatusId], [StatusDate], [ExpirationDate], [AccessedOn], [CreatedOn], [FileSize]) VALUES (7, N'HUM', 10, 65, N'Word test one', N'FileTypeTest.doc', 1, 1, 1, 1, N'2017-01-06 20:35:15', N'2019-01-06 00:00:00', N'2017-01-06 20:35:15', N'2017-01-06 14:35:37', NULL)
INSERT INTO [dbo].[FileMetadata] ([Id], [PlanName], [CategoryId], [SubCategoryId], [DisplayName], [FileName], [FileExtensionId], [SposId], [IsActive], [StatusId], [StatusDate], [ExpirationDate], [AccessedOn], [CreatedOn], [FileSize]) VALUES (8, N'HUM', 10, 66, N'Wordt est two', N'FileTypeTest.doc', 1, 1, 1, 1, N'2017-01-06 20:36:28', N'2019-01-06 00:00:00', N'2017-01-06 20:36:28', N'2017-01-06 14:36:45', NULL)
INSERT INTO [dbo].[FileMetadata] ([Id], [PlanName], [CategoryId], [SubCategoryId], [DisplayName], [FileName], [FileExtensionId], [SposId], [IsActive], [StatusId], [StatusDate], [ExpirationDate], [AccessedOn], [CreatedOn], [FileSize]) VALUES (9, N'HUM', 9, 53, N'this is a test', N'FileTypeTest.pdf', 1, 1, 1, 1, N'2017-01-06 20:38:38', N'2020-01-06 00:00:00', N'2017-01-06 20:38:38', N'2017-01-06 14:39:01', NULL)
INSERT INTO [dbo].[FileMetadata] ([Id], [PlanName], [CategoryId], [SubCategoryId], [DisplayName], [FileName], [FileExtensionId], [SposId], [IsActive], [StatusId], [StatusDate], [ExpirationDate], [AccessedOn], [CreatedOn], [FileSize]) VALUES (10, N'HUM', 6, 38, N'PDF test', N'FileTypeTest.pdf', 1, 1, 1, 1, N'2017-01-06 20:41:41', N'2023-01-06 00:00:00', N'2017-01-06 20:41:41', N'2017-01-06 14:42:12', NULL)
INSERT INTO [dbo].[FileMetadata] ([Id], [PlanName], [CategoryId], [SubCategoryId], [DisplayName], [FileName], [FileExtensionId], [SposId], [IsActive], [StatusId], [StatusDate], [ExpirationDate], [AccessedOn], [CreatedOn], [FileSize]) VALUES (11, N'HUM', 6, 37, N'Another PDF Test', N'AFileTypeTest.pdf', 1, 1, 1, 1, N'2017-01-06 20:42:56', N'2018-01-06 00:00:00', N'2017-01-06 20:42:56', N'2017-01-06 14:43:19', NULL)
INSERT INTO [dbo].[FileMetadata] ([Id], [PlanName], [CategoryId], [SubCategoryId], [DisplayName], [FileName], [FileExtensionId], [SposId], [IsActive], [StatusId], [StatusDate], [ExpirationDate], [AccessedOn], [CreatedOn], [FileSize]) VALUES (12, N'HUM', 6, 37, N'PDF Test 1', N'FileTypeTest.pdf', 1, 1, 1, 1, N'2017-01-06 20:43:38', N'2018-01-06 00:00:00', N'2017-01-06 20:43:38', N'2017-01-06 14:44:18', NULL)
INSERT INTO [dbo].[FileMetadata] ([Id], [PlanName], [CategoryId], [SubCategoryId], [DisplayName], [FileName], [FileExtensionId], [SposId], [IsActive], [StatusId], [StatusDate], [ExpirationDate], [AccessedOn], [CreatedOn], [FileSize]) VALUES (13, N'HUM', 6, 37, N'PDF Test 2', N'FileTypeTest.pdf', 1, 1, 1, 1, N'2017-01-06 20:44:42', N'2019-01-06 00:00:00', N'2017-01-06 20:44:42', N'2017-01-06 14:45:14', NULL)
INSERT INTO [dbo].[FileMetadata] ([Id], [PlanName], [CategoryId], [SubCategoryId], [DisplayName], [FileName], [FileExtensionId], [SposId], [IsActive], [StatusId], [StatusDate], [ExpirationDate], [AccessedOn], [CreatedOn], [FileSize]) VALUES (14, N'HUM', 11, 69, N'TXT Test One', N'FileTypeTest.txt', 1, 1, 1, 1, N'2017-01-06 20:47:13', N'2020-01-06 00:00:00', N'2017-01-06 20:47:13', N'2017-01-06 14:48:03', NULL)
INSERT INTO [dbo].[FileMetadata] ([Id], [PlanName], [CategoryId], [SubCategoryId], [DisplayName], [FileName], [FileExtensionId], [SposId], [IsActive], [StatusId], [StatusDate], [ExpirationDate], [AccessedOn], [CreatedOn], [FileSize]) VALUES (1010, N'HUM', 6, 37, N'TXT Test Two', N'FileTypeTest.txt', 1, 1, 1, 1, N'2017-01-09 00:00:00', N'2022-01-09 00:00:00', N'2017-01-09 00:00:00', N'2017-01-09 00:00:00', NULL)
INSERT INTO [dbo].[FileMetadata] ([Id], [PlanName], [CategoryId], [SubCategoryId], [DisplayName], [FileName], [FileExtensionId], [SposId], [IsActive], [StatusId], [StatusDate], [ExpirationDate], [AccessedOn], [CreatedOn], [FileSize]) VALUES (1011, N'HUM', 9, 53, N'PDF tests', N'FileTypeTest.pdf', 1, 1, 1, 1, N'2017-01-09 00:00:00', N'2018-01-09 00:00:00', N'2017-01-09 00:00:00', N'2017-01-09 00:00:00', NULL)
INSERT INTO [dbo].[FileMetadata] ([Id], [PlanName], [CategoryId], [SubCategoryId], [DisplayName], [FileName], [FileExtensionId], [SposId], [IsActive], [StatusId], [StatusDate], [ExpirationDate], [AccessedOn], [CreatedOn], [FileSize]) VALUES (1015, N'HUM', 11, 69, N'Upload test', N'FileTypeTest.txt', 1, 1, 1, 1, N'2017-01-10 21:08:10', N'2018-01-10 00:00:00', N'2017-01-10 21:08:10', N'2017-01-10 15:08:22', NULL)
INSERT INTO [dbo].[FileMetadata] ([Id], [PlanName], [CategoryId], [SubCategoryId], [DisplayName], [FileName], [FileExtensionId], [SposId], [IsActive], [StatusId], [StatusDate], [ExpirationDate], [AccessedOn], [CreatedOn], [FileSize]) VALUES (1016, N'HUM', 10, 66, N'Service Agreements - Quarter 1', N'FileTypeTest.doc', 1, 1, 1, 1, N'2017-01-10 21:14:12', N'2025-01-10 00:00:00', N'2017-01-10 21:14:12', N'2017-01-10 15:14:48', NULL)
INSERT INTO [dbo].[FileMetadata] ([Id], [PlanName], [CategoryId], [SubCategoryId], [DisplayName], [FileName], [FileExtensionId], [SposId], [IsActive], [StatusId], [StatusDate], [ExpirationDate], [AccessedOn], [CreatedOn], [FileSize]) VALUES (1017, N'HUM', 10, 66, N'Service Agreement 2017', N'FileTypeTest.pdf', 1, 1, 1, 1, N'2017-01-10 21:14:56', N'2019-01-10 00:00:00', N'2017-01-10 21:14:56', N'2017-01-10 15:15:34', NULL)
INSERT INTO [dbo].[FileMetadata] ([Id], [PlanName], [CategoryId], [SubCategoryId], [DisplayName], [FileName], [FileExtensionId], [SposId], [IsActive], [StatusId], [StatusDate], [ExpirationDate], [AccessedOn], [CreatedOn], [FileSize]) VALUES (1018, N'HUM', 6, 38, N'Totals Test', N'FileTypeTest.xls', 1, 1, 1, 1, N'2017-01-10 21:16:35', N'2018-01-10 00:00:00', N'2017-01-10 21:16:35', N'2017-01-10 15:17:04', NULL)
INSERT INTO [dbo].[FileMetadata] ([Id], [PlanName], [CategoryId], [SubCategoryId], [DisplayName], [FileName], [FileExtensionId], [SposId], [IsActive], [StatusId], [StatusDate], [ExpirationDate], [AccessedOn], [CreatedOn], [FileSize]) VALUES (1019, N'HUM', 11, 69, N'Report Summary 2016', N'FileTypeTest.xls', 1, 1, 1, 1, N'2017-01-10 21:18:34', N'2019-01-10 00:00:00', N'2017-01-10 21:18:34', N'2017-01-10 15:19:24', NULL)
INSERT INTO [dbo].[FileMetadata] ([Id], [PlanName], [CategoryId], [SubCategoryId], [DisplayName], [FileName], [FileExtensionId], [SposId], [IsActive], [StatusId], [StatusDate], [ExpirationDate], [AccessedOn], [CreatedOn], [FileSize]) VALUES (1020, N'HUM', 11, 69, N'FileTypeTest', N'FileTypeTest.rtf', 1, 1, 1, 1, N'2017-01-10 21:20:41', N'2018-01-10 00:00:00', N'2017-01-10 21:20:41', N'2017-01-10 15:21:05', NULL)
INSERT INTO [dbo].[FileMetadata] ([Id], [PlanName], [CategoryId], [SubCategoryId], [DisplayName], [FileName], [FileExtensionId], [SposId], [IsActive], [StatusId], [StatusDate], [ExpirationDate], [AccessedOn], [CreatedOn], [FileSize]) VALUES (1021, N'HUM', 11, 69, N'Docx test', N'FileTypeTest.docx', 1, 1, 1, 1, N'2017-01-10 21:21:48', N'2018-01-10 00:00:00', N'2017-01-10 21:21:48', N'2017-01-10 15:22:11', NULL)
INSERT INTO [dbo].[FileMetadata] ([Id], [PlanName], [CategoryId], [SubCategoryId], [DisplayName], [FileName], [FileExtensionId], [SposId], [IsActive], [StatusId], [StatusDate], [ExpirationDate], [AccessedOn], [CreatedOn], [FileSize]) VALUES (1022, N'HUM', 11, 69, N'unsupported test', N'UnsupportedDoc.jnt', 1, 1, 1, 1, N'2017-01-10 21:29:18', N'2018-01-10 00:00:00', N'2017-01-10 21:29:18', N'2017-01-10 15:29:42', NULL)
INSERT INTO [dbo].[FileMetadata] ([Id], [PlanName], [CategoryId], [SubCategoryId], [DisplayName], [FileName], [FileExtensionId], [SposId], [IsActive], [StatusId], [StatusDate], [ExpirationDate], [AccessedOn], [CreatedOn], [FileSize]) VALUES (1023, N'HUM', 1, 20, N'Quarterly Report Summary for 2017', N'FileTypeTest.doc', 1, 1, 1, 1, N'2017-01-10 22:19:19', N'2019-01-10 00:00:00', N'2017-01-10 22:19:19', N'2017-01-10 16:20:42', NULL)
INSERT INTO [dbo].[FileMetadata] ([Id], [PlanName], [CategoryId], [SubCategoryId], [DisplayName], [FileName], [FileExtensionId], [SposId], [IsActive], [StatusId], [StatusDate], [ExpirationDate], [AccessedOn], [CreatedOn], [FileSize]) VALUES (1024, N'HUM', 11, 69, N'Quarterly Annual Report 2016', N'FileTypeTest.xlsx', 1, 1, 1, 1, N'2017-01-10 22:20:47', N'2020-01-10 00:00:00', N'2017-01-10 22:20:47', N'2017-01-10 16:21:23', NULL)
INSERT INTO [dbo].[FileMetadata] ([Id], [PlanName], [CategoryId], [SubCategoryId], [DisplayName], [FileName], [FileExtensionId], [SposId], [IsActive], [StatusId], [StatusDate], [ExpirationDate], [AccessedOn], [CreatedOn], [FileSize]) VALUES (1025, N'HUM', 1, 20, N'This title is going to be a re', N'FileTypeTest.xlsx', 1, 1, 1, 1, N'2017-01-10 22:22:21', N'2019-01-10 00:00:00', N'2017-01-10 22:22:21', N'2017-01-10 16:23:07', NULL)
INSERT INTO [dbo].[FileMetadata] ([Id], [PlanName], [CategoryId], [SubCategoryId], [DisplayName], [FileName], [FileExtensionId], [SposId], [IsActive], [StatusId], [StatusDate], [ExpirationDate], [AccessedOn], [CreatedOn], [FileSize]) VALUES (1026, N'HUM', 1, 20, N'Quarterly 2017', N'FileTypeTest.xls', 1, 1, 1, 1, N'2017-01-10 22:31:26', N'2018-01-10 00:00:00', N'2017-01-10 22:31:26', N'2017-01-10 16:32:00', NULL)
INSERT INTO [dbo].[FileMetadata] ([Id], [PlanName], [CategoryId], [SubCategoryId], [DisplayName], [FileName], [FileExtensionId], [SposId], [IsActive], [StatusId], [StatusDate], [ExpirationDate], [AccessedOn], [CreatedOn], [FileSize]) VALUES (1027, N'HUM', 1, 20, N'Quarterly Statement Test', N'FileTypeTest.txt', 1, 1, 1, 1, N'2017-01-10 22:33:22', N'2020-01-10 00:00:00', N'2017-01-10 22:33:22', N'2017-01-10 16:34:38', NULL)
INSERT INTO [dbo].[FileMetadata] ([Id], [PlanName], [CategoryId], [SubCategoryId], [DisplayName], [FileName], [FileExtensionId], [SposId], [IsActive], [StatusId], [StatusDate], [ExpirationDate], [AccessedOn], [CreatedOn], [FileSize]) VALUES (1028, N'HUM', 3, 31, N'Auto Savings', N'FileTypeTest.txt', 1, 1, 1, 1, N'2017-01-10 22:49:16', N'2018-01-10 00:00:00', N'2017-01-10 22:49:16', N'2017-01-10 16:53:13', NULL)
INSERT INTO [dbo].[FileMetadata] ([Id], [PlanName], [CategoryId], [SubCategoryId], [DisplayName], [FileName], [FileExtensionId], [SposId], [IsActive], [StatusId], [StatusDate], [ExpirationDate], [AccessedOn], [CreatedOn], [FileSize]) VALUES (1031, N'HUM', 3, 31, N'Auto Savings - Test 123', N'FileTypeTest.txt', 1, 1, 1, 1, N'2017-01-10 22:56:52', N'2018-01-10 00:00:00', N'2017-01-10 22:56:52', N'2017-01-10 16:58:09', NULL)
INSERT INTO [dbo].[FileMetadata] ([Id], [PlanName], [CategoryId], [SubCategoryId], [DisplayName], [FileName], [FileExtensionId], [SposId], [IsActive], [StatusId], [StatusDate], [ExpirationDate], [AccessedOn], [CreatedOn], [FileSize]) VALUES (1033, N'HUM', 11, 69, N'Some document', N'333333333333.txt', 1, 1, 1, 1, N'2017-01-10 23:03:18', N'2015-01-10 00:00:00', N'2017-01-10 23:03:18', N'2017-01-10 17:04:00', NULL)
INSERT INTO [dbo].[FileMetadata] ([Id], [PlanName], [CategoryId], [SubCategoryId], [DisplayName], [FileName], [FileExtensionId], [SposId], [IsActive], [StatusId], [StatusDate], [ExpirationDate], [AccessedOn], [CreatedOn], [FileSize]) VALUES (1034, N'HUM', 11, 69, N'XLS test', N'FileTypeTest.xls', 1, 1, 1, 1, N'2017-01-11 16:00:26', N'2018-01-11 00:00:00', N'2017-01-11 16:00:26', N'2017-01-11 10:01:57', NULL)
INSERT INTO [dbo].[FileMetadata] ([Id], [PlanName], [CategoryId], [SubCategoryId], [DisplayName], [FileName], [FileExtensionId], [SposId], [IsActive], [StatusId], [StatusDate], [ExpirationDate], [AccessedOn], [CreatedOn], [FileSize]) VALUES (1035, N'HUM', 1, 27, N'2017 Report', N'FileTypeTest.txt', 1, 1, 1, 1, N'2017-01-11 21:24:46', N'2019-01-11 00:00:00', N'2017-01-11 21:24:46', N'2017-01-11 15:26:14', NULL)
SET IDENTITY_INSERT [dbo].[FileMetadata] OFF
